"Model","RMSE","MAE","R2","MAPE_Percent","Approx_Accuracy"
"Random Forest",157707.923168172,94935.2361067392,0.764838895607676,20.1940686351065,79.8059313648935
"Multiple Linear Regression",189624.236138579,106220.706513337,0.669344089533629,21.9222097647887,78.0777902352113
"Decision Tree",300367.685776225,155931.966858567,0.543300412247837,30.1884383654592,69.8115616345408
