"Model","RMSE","MAE","R2","MAPE_Percent","Approx_Accuracy"
"Random Forest",157707.923168172,94935.2361067392,0.764838895607676,20.1940686351065,79.8059313648935
"Decision Tree",300367.685776225,155931.966858567,0.543300412247837,30.1884383654592,69.8115616345408
"Multiple Linear Regression",495681.772574606,129866.523251989,0.619252292200472,19.1993037187933,80.8006962812067
